{"corodinate":[32.47829819,-96.98179626]}
{"corodinate":[51.5,-0.13]}
{"corodinate":[32.47068209,-93.70846076]}
{"corodinate":[28.5598744,77.20143095]}
{"corodinate":[27.9503565,-82.454226]}
{"corodinate":[4.828516,7.003183]}
{"corodinate":[12.8560103,77.6727607]}
{"corodinate":[28.56350795,77.20358027]}
{"corodinate":[43.04137104,-87.90968018]}
